uid,name,last_seen,error_reason
10319,みどり,2025-05-23T12:15:15,HTTP 503
10549,yokoshimanat,2024-12-22T12:44:42,HTTP 503
10561,NMAX🏍️,2025-03-21T07:24:59,HTTP 503
10561,NMAX🏍️ ,2024-07-24T07:20:43,HTTP 503
10561,ぶんちゃん🏍️,2025-10-29T07:23:18,HTTP 503
10561,杜の都のドロシー🍀,2025-05-27T15:03:34,HTTP 503
11610,ともだち,2025-08-03T21:39:47,HTTP 503
11610,ともだち🐇🩰＠あづみに射抜かれづみ,2024-09-16T07:48:56,HTTP 503
11916,andy⭐,2025-06-24T15:13:06,HTTP 503
12182,momo,2025-08-02T22:35:20,HTTP 503
12273,さく,2025-09-12T19:13:00,HTTP 503
12529,ばなっち,2025-06-09T21:09:59,HTTP 503
13075,すもも,2025-04-06T14:50:20,HTTP 503
13752,天使くん,2025-03-02T12:02:06,HTTP 503
14524,いかシ⁴,2024-10-02T16:11:53,HTTP 503
14719,エリフォンフォン,2025-01-18T22:30:22,HTTP 503
14944,𝘛akaike⁶³⁴🍍 t⠰かぃιϯ@Yūka³ Ami,2025-08-25T20:00:56,HTTP 503
14983,serena~de,2025-01-26T18:25:30,HTTP 503
15027,ヒコにゃん,2025-01-07T00:50:42,HTTP 503
16047,じんくん,2025-01-04T10:13:19,HTTP 503
16134,ニシムクサムライザベラ🐸⚖️オキアミ過激派🦄💫,2025-11-15T14:50:23,HTTP 503
16318,まるケン🐶🤎,2024-12-06T18:46:48,HTTP 503
16509,ぬっき〜@りままにあ🥛,2025-03-13T19:22:07,HTTP 503
16548,シュージン,2025-02-20T15:14:48,HTTP 503
16993,たこま,2025-05-14T17:37:25,HTTP 503
17087,雨風（あめかぜ）,2025-05-31T16:32:58,HTTP 503
17579,はちよんはち🐝🍆🍓🧡,2024-11-28T07:43:19,HTTP 503
17579,はちよんはち🐝🍆💜❤️🧡,2024-10-05T18:01:14,HTTP 503
17579,はちよんはち🐝🍓,2025-05-20T07:45:45,HTTP 503
17717,初見ミク,2025-09-29T09:07:12,HTTP 503
17824,orange,2024-10-31T19:03:51,HTTP 503
17884,かんちゃん,2025-05-02T08:20:52,HTTP 503
18335,しまづん＠10月1日で11周年,2025-10-17T06:18:30,HTTP 503
18335,しまづん＠11周年LV104,2025-01-05T15:13:23,HTTP 503
18335,しまづん＠11周年LV105,2025-02-26T18:23:41,HTTP 503
18335,しまづん＠11周年LV106,2025-04-20T07:32:07,HTTP 503
18335,しまづん＠11周年LV107,2025-06-07T07:03:33,HTTP 503
18335,しまづん＠11周年LV108,2025-06-22T22:24:34,HTTP 503
18335,しまづん＠SR配信歴10周年,2024-10-05T18:06:57,HTTP 503
18335,しまづん＠今日でSR配信歴10周年,2024-10-03T17:14:16,HTTP 503
18335,しまづん＠ＬＶ１００,2024-06-16T18:33:56,HTTP 503
18335,しまづん＠ＬＶ１０１,2024-08-11T16:40:35,HTTP 503
18335,づんさん＠普通です,2025-08-31T00:55:15,HTTP 503
18420,ノブ,2024-12-16T23:50:42,HTTP 503
18752,きゅりおCITY,2025-02-28T15:02:34,HTTP 503
18752,きーたか,2025-01-27T18:19:57,HTTP 503
18752,クラッシャー前泊(まえどまり),2025-04-20T07:25:03,HTTP 503
18752,ナツメグパーティー③,2025-05-04T07:29:20,HTTP 503
18752,ナツメグパーティー④,2025-05-18T16:18:26,HTTP 503
19697,ウッキー⊿,2025-02-12T18:46:48,HTTP 503
19893,池おじ,2025-01-08T21:15:37,HTTP 503
21952,ぴっぴ🌈💖,2025-02-07T14:35:02,HTTP 503
22777,えのき,2025-03-12T18:47:37,HTTP 503
23151,雨雲☁,2025-04-20T08:05:17,HTTP 503
23276,yoshi,2025-10-29T12:24:53,HTTP 503
29970,タカゾウ(ˊo̶̶̷ᴗo̶̶̷`)🍓🍊🍋🐩🐩🌛,2025-09-13T12:09:42,HTTP 503
30745,Carlos＠ピクミン・悪魔団,2025-11-15T23:03:57,HTTP 503
32817,茶の子,2025-05-17T15:06:36,HTTP 503
34435,ユンピ,2025-11-05T08:25:41,HTTP 503
34578,のぶぅ,2024-10-05T23:51:22,HTTP 503
34578,のぶぅ⫘🐩,2025-05-14T20:48:25,HTTP 503
34995,ローン,2024-10-01T23:35:16,HTTP 503
36802,テル,2024-12-16T22:49:16,HTTP 503
36854,み〜は〜,2025-02-18T15:34:56,HTTP 503
37068,らいちゃん,2025-08-02T22:31:37,HTTP 503
38411,ガンガン推し野郎★ガン推しです(チョソまげ小僧ひき肉です発音,2024-06-12T18:29:37,HTTP 503
38735,いち,2025-05-25T20:29:23,HTTP 503
39471,ハ☆ロー。,2025-02-05T18:16:42,HTTP 503
39820,べっくす,2025-11-13T20:38:50,HTTP 503
39956,でこぴったん💙🪽,2025-10-15T08:32:06,HTTP 503
41002,せろり,2024-05-29T07:25:17,HTTP 503
41748,Jiji.T,2024-06-23T18:27:07,HTTP 503
42071,しん🌳🍫,2025-05-15T07:05:36,HTTP 503
42083,さむ@こちとらじ【2024歌うま王特別賞受賞】,2024-12-29T23:53:29,HTTP 503
42083,さむ@こちとらじ【歌うま王特別賞受賞】,2025-02-24T09:16:55,HTTP 503
42083,さむ@ラジオ局元パーソナリティ【2024歌うま王特別賞受賞】,2025-05-04T21:49:33,HTTP 503
42083,さむ@ラジオ局元パーソナリティ【歌うま王特別賞受賞】,2025-06-07T23:00:41,HTTP 503
42083,さむ@ラジオ局元パーソナリティ【ＳＲ歌うま王特別賞受賞】,2025-11-08T12:15:21,HTTP 503
42083,さむ＠こちとらじ【2024歌うま王特別賞受賞】,2024-12-27T15:36:34,HTTP 503
42083,さむ＠こちとらじ【歌うま王特別賞受賞】,2024-07-24T22:31:14,HTTP 503
42379,5,2025-02-20T16:50:47,HTTP 503
44390,れぶ ﾘﾐｯﾄ🐬💟,2025-09-23T07:14:07,HTTP 503
44780,ぶらっきぃ,2025-04-18T07:31:26,HTTP 503
44794,Haruka(ﾃﾞｲﾘｰﾐｯｼｮﾝ中),2025-11-15T22:15:55,HTTP 503
44794,Haruka💘💫(ﾃﾞｲﾘｰﾐｯｼｮﾝ中),2025-11-13T21:46:19,HTTP 503
45501,アイドルが世界を救う,2025-11-02T12:00:15,HTTP 503
46089,ひろゆきぱぱ(研究厨),2024-09-26T12:34:20,HTTP 503
46414,れいんたま,2024-05-03T21:13:33,HTTP 503
48309,ニャジラ,2024-11-03T15:55:05,HTTP 503
48951, 𝐁𝐉,2024-10-12T20:33:08,HTTP 503
48951,ᗷᒍ,2025-05-27T15:04:19,HTTP 503
48951,‪︎‬‪︎‪︎‬‪︎ᗷᒍ,2025-06-05T14:42:47,HTTP 503
48951,𝐁𝐉,2025-10-03T20:35:19,HTTP 503
49341,ござーる@月島ほたる🌙✨,2025-07-20T14:13:27,HTTP 503
50398,こばけちゃん♨️🐝⛅🐌,2025-05-27T16:55:51,HTTP 503
50398,こばけちゃん♨️🐝⛅🐌🐰👒,2024-09-16T15:48:12,HTTP 503
51092,コミュニスト@💛花恵中毒なさほちゃんの夫🐰⛵️💙,2025-01-26T10:12:39,HTTP 503
52326,ダルマインコ＊🦜,2025-10-28T07:17:47,HTTP 503
54500,芙香のやまひろ💎,2025-03-28T20:05:56,HTTP 503
55351,ぱぱっぽいぱぱ,2025-01-02T01:36:38,HTTP 503
56985,ピグマリオン🐰🦐🦀,2024-11-19T07:14:30,HTTP 503
58159,ねぎま,2025-02-20T15:12:50,HTTP 503
60079,️らく＠9泊10日手術入院中,2024-12-13T19:25:18,HTTP 503
60079,️らく＠時々無音,2025-11-13T20:27:46,HTTP 503
60079,️らく＠退院,2024-12-21T19:26:15,HTTP 503
60835,ちゃちゃ,2025-11-09T10:01:49,HTTP 503
61032,フーバー＠メタルドラゴン,2024-09-25T20:09:38,HTTP 503
62260,ひょん,2025-10-15T21:07:13,HTTP 503
66110,わいえむ,2025-11-01T07:42:32,HTTP 503
67125,発芽ひよこ豆てゃん©️(๑•ө•)‪੭（ガチ）イベ応援は卒業,2025-05-28T13:56:27,HTTP 503
67125,発芽ひよこ豆てゃん©️(๑•ө•)‪੭（ガチ）イベ応援卒業,2025-03-28T20:20:18,HTTP 503
67125,発芽ひよこ豆てゃん©️終身名誉（ガチ）イベ応援卒業生,2025-06-09T20:10:55,HTTP 503
67125,発芽ひよこ豆てゃん©️（ガチ）イベ応援卒業,2025-11-13T22:13:48,HTTP 503
67125,発芽ひよこ豆てゃん©️（ガチ）イベ応援卒業🍑(\_/),2025-08-21T00:09:17,HTTP 503
67125,発芽ひよこ豆てゃん©️🐸終身名誉（ガチ）イベ応援卒業生,2025-06-07T22:14:29,HTTP 503
68746,はやにゃん,2025-04-14T18:22:39,HTTP 503
73608,えじむん丼だよぉ,2024-09-16T07:38:14,HTTP 503
78637,なにお,2025-01-01T13:17:37,HTTP 503
79588,なる,2025-08-25T18:11:42,HTTP 503
79630,すぎ,2025-07-27T10:57:44,HTTP 503
80316,べいすた,2025-09-06T14:51:43,HTTP 503
81290,staff,2025-02-16T21:41:43,HTTP 503
82564,しょぼたん🔥🍈次枠5時,2024-12-21T07:34:14,HTTP 503
84884,ろべっち🌈🎋,2025-02-24T08:01:13,HTTP 503
87211,電気屋@やる気なんか出ません,2025-11-13T20:48:30,HTTP 503
88437,よっっち,2025-03-10T00:22:04,HTTP 503
88614,みっちー,2024-11-29T16:58:56,HTTP 503
91962,【無】るい🐑,2025-09-09T14:34:03,HTTP 503
95905,やっし,2025-11-14T20:27:23,HTTP 503
98395,nun,2025-01-05T15:01:50,HTTP 503
111538,ジョンまる,2025-11-08T21:26:52,HTTP 503
123366,トリタテ王子@X21(エックスにじゅういち),2024-08-02T07:03:47,HTTP 503
123607,taroぴん♡luz🌺さやぴん🐝🍯,2025-04-05T19:04:31,HTTP 503
124590,PERU-LIN,2025-02-04T18:33:17,HTTP 503
129655,もぐたん。羽川久留美推し,2025-05-25T19:07:36,HTTP 503
131173,TATㅤㅤㅤ,2025-02-28T12:39:29,HTTP 503
133483,かりんちょ,2025-05-05T07:42:41,HTTP 503
134499,クウタロウ,2024-12-28T20:59:00,HTTP 503
135043,なかば@ 21日〜ガチ声優☀️音咲のり子☀️,2025-04-20T07:41:05,HTTP 503
135043,なかば@ 声優☀️音咲のり子☀️ 声優王ください,2025-07-24T16:03:36,HTTP 503
135043,なかば@ 声優☀️音咲のり子☀️推し,2025-04-16T07:26:20,HTTP 503
135043,なかば@ 声優☀️音咲のり子☀️金ステラ欲しい,2025-05-27T15:23:54,HTTP 503
136400,💝[あつひろ]暫定✅,2024-10-03T16:08:43,HTTP 503
143146,たまちゃん。🩷🦖,2024-09-30T05:22:59,HTTP 503
147106,◤◢◤ たまこん ◢◤◢,2024-06-29T19:46:03,HTTP 503
147106,◤◢◤たまこん◢◤◢,2025-02-07T19:41:06,HTTP 503
147754,舞斗,2025-02-16T07:37:39,HTTP 503
149565,モブ在宅,2025-08-16T20:43:46,HTTP 503
152690,🐈‍⬛🍁ToshI🐈️💍🌹⚜️,2025-08-21T18:51:42,HTTP 503
154969,PETちゃん(ふ〜さん)@あや年長組(PinkySpice),2024-09-16T08:03:03,HTTP 503
160906,✔萌芽しろまる🌻ねんね“ガチ”優先期間(*꒪ཀ꒪)و,2024-06-23T20:38:38,HTTP 503
160906,✔萌芽しろまる🌻ブーツレグ📖,2024-11-09T16:33:05,HTTP 503
160906,✔萌芽しろまる🌻🕊️✨りりかルーム超絶ガチイベ中✨🕊️,2024-08-10T07:48:19,HTTP 503
160906,✔︎︎︎︎萌芽しろまる🌻🕊️🎶わはは(棒読み),2025-05-17T15:38:45,HTTP 503
160906,いつもありがとう(˶' ᵕ ' ˶)ﾉ🍫🎅,2025-02-14T18:25:30,HTTP 503
163493,あきら40％,2024-11-30T19:34:33,HTTP 503
163840,暁@アンチ,2025-01-10T07:17:02,HTTP 503
163840,暁🎋アンチ,2024-10-02T07:04:24,HTTP 503
163840,暁💉👻❇️アンチ,2025-06-21T07:18:50,HTTP 503
164718,ひぐらし,2025-01-02T01:54:07,HTTP 503
166376,いくお🐎,2025-01-09T07:41:04,HTTP 503
166639,えーす (･''●)🧸💋🤘,2024-12-22T11:49:47,HTTP 503
171623,おぐりん,2025-11-13T20:04:46,HTTP 503
172999,ぱかたろ。,2025-01-26T00:31:49,HTTP 503
179348,のぶりん😎🔱GOLD＠🌙.*·̩͙こっそり歌うわんこ♪,2025-04-19T07:30:32,HTTP 503
180699,ｱﾝﾃﾞｨ-ｼｬﾝ✖️🍑🏹💜👘💎🫧,2024-09-16T10:11:11,HTTP 503
181479,ぽっ🐦,2025-04-04T00:40:46,HTTP 503
184052,14日誕生日🎉珍獣いちろく(^^)v,2025-05-14T19:12:43,HTTP 503
184052,珍獣いちろく•🐰🎀•💜•🐿️❄️•🍐,2024-12-31T10:26:14,HTTP 503
184052,珍獣いちろく🐰🎀🐿️❄️❣️🐣🐱🐍💜,2025-10-23T18:50:33,HTTP 503
184052,珍獣いちろく🐰🎀🐿️❄️❣️🐣💜,2025-04-15T18:17:48,HTTP 503
184052,珍獣いちろく🐰🎀🐿️❄️🍅🖤👶🏼🏹💜,2025-02-26T18:44:02,HTTP 503
184052,珍獣いちろく🐰🎀🐿️❄️💜,2025-04-10T19:16:01,HTTP 503
189998,ヨウイチ📛🎀❄️️@ゆゆしき(滋賀1ゆゆ推し目指します),2024-09-16T00:18:03,HTTP 503
190016,わ→たる,2025-01-20T20:30:32,HTTP 503
193035,ピカチュー@岬組,2024-08-03T22:00:51,HTTP 503
193035,ピカチュー@岬組の奴隷,2024-06-02T23:13:24,HTTP 503
193274,sakurairo777,2025-11-09T10:25:59,HTTP 503
193541,康(みもまむ様の領地の農民)@しばにまみれ隊No.4,2025-07-04T11:01:47,HTTP 503
193592,かわにな🦄🧡,2024-09-30T05:16:34,HTTP 503
194685,ふじとぅー,2025-06-03T21:33:16,HTTP 503
196190,ひーちゃん134@3296g📸✨🎀✨,2025-01-01T16:09:23,HTTP 503
196190,ひーちゃん134🌠seira3296g🌠🎀📸💚,2025-01-25T07:10:49,HTTP 503
196190,ひーちゃん134🌠せいらマニア3296g🌠🎀📸💚,2025-03-14T18:11:14,HTTP 503
196190,ひーちゃん134🌠せいらマニア3296g🌻🎀📸💚,2025-05-15T18:15:29,HTTP 503
196190,ひーちゃん134💚seira3296g📸✨🎀,2025-01-09T18:14:13,HTTP 503
196190,ひーちゃん134📸✨🎀✨,2024-12-21T07:11:55,HTTP 503
196190,ひーちゃん3296g📸✨🎀✨,2024-12-26T07:22:07,HTTP 503
201242,一服,2025-03-25T07:02:28,HTTP 503
201544,nakkai,2024-11-29T17:20:50,HTTP 503
201778,จบการศึกษา,2025-04-06T22:47:11,HTTP 503
201778,傷だらけのネロ＠パトラッシュもう疲れたよ,2024-09-04T18:06:18,HTTP 503
201778,誰がおにぎりやねん(ﾟДﾟ),2024-08-17T05:27:13,HTTP 503
201778,退会済みユーザー＠なるみんルームのあの人🍙,2024-12-16T19:37:32,HTTP 503
201778,🈚,2024-11-25T18:09:10,HTTP 503
201778,🈚誰がおにぎりやねん(ﾟДﾟ),2024-11-30T15:42:14,HTTP 503
201778,🔚（無、無）,2025-01-25T22:27:50,HTTP 503
204203,🔇外出中 たけっちぃ(🌱‬‪),2024-12-30T10:01:31,HTTP 503
206680,しゅん,2025-06-29T12:27:07,HTTP 503
209246,しゅうじ🍙,2025-05-09T07:29:28,HTTP 503
212475,なまたろう,2025-04-14T07:13:46,HTTP 503
229878,⛩ シゲボー☆🍁,2024-09-07T21:49:26,HTTP 503
231424,ワダケン,2025-01-08T21:43:50,HTTP 503
234926,*広島のけんさん・けんさん＠広島・けんさん＠安芸の国から改称,2025-05-20T15:13:15,HTTP 503
234950,あすキチ@越後のサムライ大名,2025-08-30T22:32:10,HTTP 503
235282,マーちんa.k.aめんべい星人,2024-06-06T13:02:49,HTTP 503
236537,ヲタ爺🌸,2024-09-30T05:10:54,HTTP 503
236848,どら🚘へび,2024-07-22T18:56:03,HTTP 503
238146,machi,2025-11-13T21:22:45,HTTP 503
238448,ジャム(アーティスト枠),2024-12-30T09:50:28,HTTP 503
238448,無潜 ジャム(アーティスト枠)5/19さくらんぼイベ,2025-05-14T17:22:59,HTTP 503
238501,(やねに一途なDD)🏠🦕🍓🧸,2024-05-15T07:33:33,HTTP 503
238501,あーるえす(やねに一途なDD),2025-08-30T07:50:15,HTTP 503
238501,あーるえす(やねに一途なDD)🏠🦕🍓🧸,2024-09-08T07:17:37,HTTP 503
238501,あーるえす（やねに一途なDD）,2025-05-14T08:32:21,HTTP 503
239457,すま(無)@陽香留👑🎼,2025-11-13T20:27:41,HTTP 503
239457,🗼すま(無)@陽香留👑🎼,2025-05-16T08:55:18,HTTP 503
240071,mama!milk,2025-05-11T09:26:13,HTTP 503
244481,アイスレモン🍨🍋P,2024-09-16T15:18:19,HTTP 503
244481,🍨🍋アイスレモン🍨🍋P,2024-11-07T18:54:28,HTTP 503
251640,あなたの優しいROCKMAN🎸🎛🔊@仕事中無音,2024-05-25T15:11:38,HTTP 503
255181,こがおたん,2025-01-30T09:52:21,HTTP 503
262577,よーこ（もＴ）@team𝓨𝓸𝓼𝓱𝓲𝓶𝓾𝓻𝓪,2025-07-03T18:52:41,HTTP 503
265642,はいねこ,2025-03-26T18:38:59,HTTP 503
266058,‪コ♠ピ♠ペ,2024-12-17T18:06:47,HTTP 503
268123,ぶーちゃん,2025-01-19T12:29:37,HTTP 503
272542,いたくん(*˘︶˘*).｡.:*♡💕🍀💮,2025-05-14T19:33:01,HTTP 503
276958,初見ムサシ画家？☘️＠アラ還・女装（とんP）奴隷９号,2025-06-03T07:12:05,HTTP 503
278713,完無）おにぃちゃま（Ⅾ5＠VanillA🥀深沢ばにら🥀,2025-10-25T07:32:51,HTTP 503
279175,ぱおちゃん。,2024-12-22T11:32:25,HTTP 503
294860,しち,2025-09-23T22:16:48,HTTP 503
311146,ばんだなくん@森香穂💋.,2025-06-05T14:46:47,HTTP 503
313811,陽灯ちゃん寝る❀🐈🥟Voice＠ctorてぃんくるメイト,2025-06-06T15:06:26,HTTP 503
323613,とろろちゃん@🛐🧜‍♀️中西さん🐠🛐,2025-04-30T07:04:47,HTTP 503
323613,とろろちゃん@🧜‍♀️中西さん🐠,2025-08-03T20:25:41,HTTP 503
326240,YURINA,2025-04-03T07:05:11,HTTP 503
326240,YURINA@ライバー王ありがとうございました👑,2024-10-01T07:48:33,HTTP 503
326240,YURINA@ラ王👑ｱｰﾃｨｽﾄ王は陽香留～むへ！,2024-09-16T00:47:29,HTTP 503
326240,YURINA@新曲MV観てね♪シンガー陽香留,2025-02-25T22:04:33,HTTP 503
326240,YURINA@新曲聴いてね♪シンガー陽香留,2025-02-06T16:18:33,HTTP 503
326240,YURINA@陽香留～む✨金グリ求む！,2024-12-16T18:36:38,HTTP 503
326240,YURINYA,2025-03-04T18:50:57,HTTP 503
328567,99番,2025-06-07T23:51:54,HTTP 503
331882,カズ,2024-12-17T18:19:56,HTTP 503
334679,HOT,2025-04-28T14:16:44,HTTP 503
339779,がちゃ,2025-11-02T11:40:42,HTTP 503
340714,なりぽん🐥💜,2025-08-30T07:59:08,HTTP 503
345748,きよぽん,2024-12-27T18:02:37,HTTP 503
345748,きよぽん@8年半ありがとう,2024-09-25T19:35:33,HTTP 503
345748,きよぽん🌻📛🐥,2025-11-03T19:31:40,HTTP 503
347234,リリカル,2024-09-16T08:20:33,HTTP 503
349840,すず,2024-11-08T07:22:36,HTTP 503
354129,hiro☆akashima　小吉2024　興2023,2025-01-01T00:46:35,HTTP 503
354129,hiro☆akashima末吉&大吉25　小24 バナナ,2025-06-02T00:19:23,HTTP 503
354129,hiro☆akashima末吉&大吉25　小24 興23,2025-11-15T23:02:56,HTTP 503
354129,hiro☆akashima末吉&大吉25　小吉24　興23,2025-05-23T21:33:58,HTTP 503
354129,hiro☆akashima末吉25　小吉24　興23,2025-01-01T12:47:32,HTTP 503
360931,ともんちょ,2025-09-19T17:37:53,HTTP 503
362725,団子郎,2025-02-21T18:44:08,HTTP 503
368665,寝子🐰💭ほり,2025-04-08T18:46:32,HTTP 503
373451,よーい,2025-11-14T20:52:12,HTTP 503
373508,ぶるぶるどく,2024-06-06T15:10:26,HTTP 503
375105,ひで。🩵🫘,2024-11-03T18:13:41,HTTP 503
375217,めめろねこ@🍉Uu♥️,2025-03-16T17:09:13,HTTP 503
375217,ピザmuuめめろねこ@🍉Uu♥️,2025-02-28T23:38:28,HTTP 503
375217,プリズン@めめろねこ@🍉Uu♥️,2025-02-10T07:03:41,HTTP 503
375310,💘星野ニュー,2025-04-17T08:09:14,HTTP 503
377526,みんみんハウス@RBRの角田裕毅,2025-08-04T18:55:37,HTTP 503
377526,みんみんハウス@極東にゃんにゃん,2025-03-14T18:21:39,HTTP 503
377526,みんみんハウス@極東雪国ニャンコ,2024-12-28T01:13:56,HTTP 503
378124,五の坪・ゴノジョウ🌹無料でも楽しめる⁉️SR復帰…🐰🤍,2024-05-28T15:04:56,HTTP 503
379955,たかりな@1/18たかりな歯科🎂in 池袋Hoteyes,2025-01-02T21:29:32,HTTP 503
379955,たかりな@24日東京クリスマスマーケット🎄,2024-12-24T07:04:40,HTTP 503
379955,たかりな🦷🪥,2025-10-05T13:10:45,HTTP 503
379955,たかりな🦷🪥1/24都内バンドワンマン,2025-11-06T14:18:59,HTTP 503
379955,無たかりな＠17日〜LuckyFES超ガチ❤️‍🔥,2024-06-16T17:46:24,HTTP 503
379955,無音たかりな🦷🪥,2025-02-04T18:31:09,HTTP 503
388533,奈良市の淳（じゅん）@大革命(♡¨̮)❥﻿∞,2025-08-11T19:47:56,HTTP 503
388547,インサージェント,2025-01-19T22:42:59,HTTP 503
391893,しょうゆまめ,2025-11-13T20:15:11,HTTP 503
394825,たかひろまっく☻☻🟢🟩🦤,2025-08-03T21:02:02,HTTP 503
396040,よーなみ,2024-05-25T14:58:55,HTTP 503
396343,きょうじ 🍀🌈,2024-08-29T17:19:35,HTTP 503
404897,マリウス,2024-05-29T15:09:48,HTTP 503
405020, 全 無　書楽遊人 しろ,2024-09-15T21:24:35,HTTP 503
405081,💔やくちひししん,2025-11-06T14:11:17,HTTP 503
415522,お松,2025-02-26T18:40:59,HTTP 503
416883,仔リスが先,2025-09-25T07:52:20,HTTP 503
421242,のの❁,2025-05-20T20:59:29,HTTP 503
421532,Yamamoto✨アバタータップから投票お願いします,2024-12-07T21:03:24,HTTP 503
421532,Yamamoto✨風邪💦,2025-01-08T21:34:13,HTTP 503
421532,𝐘𝐚𝐦𝐚𝐦𝐨𝐭𝐨✨,2025-11-13T20:48:38,HTTP 503
424489,ジュン,2025-01-10T02:02:54,HTTP 503
425012,夏桜（なお）🌻🌸,2024-07-22T22:05:47,HTTP 503
425012,夏桜（なお）🌻🌸無音無反応,2024-08-02T07:04:15,HTTP 503
425012,夏桜🌻🌸,2024-06-30T18:23:16,HTTP 503
425099,【無音】月橋芹鈴那☕💋終われません配信,2025-04-02T18:44:34,HTTP 503
425099,月橋芹鈴那☕💋せりるーむ,2025-01-24T07:38:56,HTTP 503
425949,囚人,2025-08-13T18:37:28,HTTP 503
427487,まんげつライダー,2025-01-13T00:22:46,HTTP 503
428140,☆seiyan☆🐲❇️🗼⛱,2024-08-17T05:02:44,HTTP 503
428816,たゅあほり。,2025-05-14T17:57:43,HTTP 503
433060,メッシ🍎ぷるりんぱ,2024-06-21T22:40:46,HTTP 503
433968,たかぴょん,2025-01-19T12:18:18,HTTP 503
433968,たかぴょん　誕生日イベ参加中,2025-01-03T11:05:32,HTTP 503
434206,まーちゃん,2024-08-31T15:04:35,HTTP 503
435087,じゃっく/,2025-01-24T21:43:26,HTTP 503
437583,トッシュ／ tosh,2025-11-01T07:37:07,HTTP 503
441025,まこにぃ。,2025-01-06T07:05:04,HTTP 503
449497,みのる@ﾆｺﾆｺいぶゆいな隊,2025-01-17T07:15:23,HTTP 503
449497,みのる@ﾆｺﾆｺいぶりりゆいな隊,2025-04-02T07:31:34,HTTP 503
467244,たーぼー,2025-11-09T10:06:09,HTTP 503
469787,あけおめ🤗今年もよろしく💕jurian,2025-01-01T13:54:57,HTTP 503
469787,寝落ちした^^; Julian💖,2025-02-05T18:14:11,HTTP 503
470610,えびマヨ@ゆすず(ゆずらー),2024-06-10T18:09:06,HTTP 503
470610,えびマヨ@ゆすず(ゆずらー)「社地クー」,2024-10-06T21:48:56,HTTP 503
470610,えびマヨ@ゆすず(ゆずらー）＆ゆらね（元祖mania),2025-03-01T12:28:58,HTTP 503
470610,えびマヨ🍙🍤@ゆすず＆ゆらね,2025-07-24T08:09:54,HTTP 503
470610,えびマヨ🍙🍤@ゆすず＆ゆら音,2025-07-27T21:29:55,HTTP 503
470610,えびマヨ🍙🍤@ゆすず＆ゆら音 1pt,2025-08-09T12:33:08,HTTP 503
470610,えびマヨ🍙🍤@ゆすず＆ゆら音 2pt,2025-10-04T14:39:53,HTTP 503
470610,えびマヨ🚌♨️🍙@ゆすず＆ゆらね,2025-04-19T00:13:56,HTTP 503
470695,＠深見川,2025-08-06T18:46:31,HTTP 503
480820,こんど。＠7民⚡Ω,2025-10-28T00:17:18,HTTP 503
482883,FORTUNEi,2024-10-20T15:35:04,HTTP 503
482883,とみー,2025-04-20T07:41:05,HTTP 503
482883,富井名無し,2024-10-03T21:09:13,HTTP 503
485042,パールトロン,2025-02-07T01:33:45,HTTP 503
487147,ヨルミン@宇宙一！可愛いiitoモデルもも🍑🏹͙ 💞,2024-09-09T18:24:41,HTTP 503
488214,お刺身🐡ストリート,2024-09-16T16:04:59,HTTP 503
501620,ウォリぴっぴ@Momo🍑🏹,2024-11-05T07:41:27,HTTP 503
501620,ウォリぴっぴ🍑🏹,2025-05-27T16:00:59,HTTP 503
502106,つっち～🫥🍼,2025-06-14T20:44:51,HTTP 503
504826,ゆた,2025-07-27T11:11:44,HTTP 503
506431,しんばる⭐⭐⭐NGT,2025-10-16T07:21:22,HTTP 503
506431,しんばる⭐⭐⭐（ほしみっつ）,2024-06-19T22:31:41,HTTP 503
507741,かりんとん358,2024-09-16T07:17:52,HTTP 503
508500,ちーばくん@ゆる～く応援,2024-08-27T18:32:43,HTTP 503
508500,ちーばくん@投げ逃げ御免🐷🍣❤ゆる～く応援,2025-03-09T23:43:58,HTTP 503
508500,ちーばくん@🐷🍣❤ゆる～く応援,2024-09-16T07:40:35,HTTP 503
508500,ちーばくん🐷🍣❤🐝🐨ゆる～く応援,2025-04-14T22:59:06,HTTP 503
509335,oku‐nin(おくにん),2025-05-14T21:30:47,HTTP 503
509737,とくとマル🌀,2024-09-30T20:53:38,HTTP 503
509737,総監督🌀とくとマル✅,2024-08-04T02:22:07,HTTP 503
509833,けんぞ～,2025-11-07T08:02:24,HTTP 503
519181,岩,2025-10-30T07:13:55,HTTP 503
519737,天井院ﾓｩﾘｨ勇魚ﾏｭｩｷｿﾝ☃️🌸🌱‪🍘💫,2025-05-13T01:10:21,HTTP 503
520767,まきゅん,2024-11-14T19:09:27,HTTP 503
520843,ぎゃおぴょん🍀🍜🍄🦖Ⓜ️🐔💮🐰,2025-03-07T07:09:22,HTTP 503
527884,🏴‍☠️キンキンキッズ@滝沢さくら超絶モル推し⛄️,2024-06-23T22:29:06,HTTP 503
528370,たかなみ🌹🕊（ミッション通過中につき対応不要）,2024-12-15T15:01:28,HTTP 503
529293,ochan,2024-08-21T18:04:53,HTTP 503
529293,ocha抹🍵n_3/1配信再開予定,2025-02-25T18:39:42,HTTP 503
529293,ocha🍵n,2025-02-24T18:32:05,HTTP 503
529293,ocha🍵n@福🍊🍨,2025-05-04T18:45:13,HTTP 503
531941,ふさきち,2024-10-17T21:57:36,HTTP 503
532241,ぴーすふる,2024-10-01T21:47:40,HTTP 503
533698,🏮やんやんむうくん💛👑🎼🍀🏮,2025-08-29T08:28:24,HTTP 503
539375,えむち,2025-06-26T14:58:05,HTTP 503
543932,ハク,2025-02-10T07:17:23,HTTP 503
544547,"スパロー@293,321,373,すい",2025-01-04T09:27:47,HTTP 503
545936,N/A,2025-11-08T21:14:23,HTTP 503
548488,バイクDEブ〜ン,2025-07-24T12:57:28,HTTP 503
551262,🐈❖🌾‎彩-Sai-″❖🌾🐈,2025-02-03T20:19:43,HTTP 503
552974,sen,2025-10-22T09:32:03,HTTP 503
553303,みのちゃん,2025-08-25T20:06:39,HTTP 503
554647,はーちゃんだよ🐥ひよこ坂46,2025-06-05T21:07:39,HTTP 503
556467,くまけん,2025-10-04T23:18:13,HTTP 503
556915,アッツ,2025-11-01T18:46:46,HTTP 503
558922,☘️ℜ﻿❍ℜ﻿❍☘️,2025-01-22T21:10:52,HTTP 503
559106,とりー,2025-05-18T19:17:45,HTTP 503
561192,ダブダブ,2025-08-03T21:57:45,HTTP 503
561525,୧.ꂚ iɘꓘ@,2024-10-27T00:15:28,HTTP 503
561525,📿麝守巓,2025-02-13T17:58:22,HTTP 503
561525,📿𝐊𝐞𝐢#𝟗🦋💫,2025-11-08T21:15:11,HTTP 503
561525,🔇📵୧.ꂚ iɘꓘ@,2024-09-28T22:11:51,HTTP 503
561525,🕯️୧.ꂚ iɘꓘ@,2024-12-28T23:52:06,HTTP 503
566813,🇯🇵🇺🇦こばぴゅん ,2025-05-23T22:04:19,HTTP 503
566813,🇯🇵🇺🇦こばぴゅん / 36協定で年内残業と臨出なし,2024-11-09T15:19:09,HTTP 503
566813,🇯🇵🇺🇦こばぴゅん / 昨日のバリュウム最悪〜⤵️,2025-06-03T20:58:55,HTTP 503
569735,ゆうき,2024-12-15T14:39:03,HTTP 503
573088,ポチ@ひいやん7/26タコベル1日店長🌻🌈🍀/👀.,2024-07-24T21:23:10,HTTP 503
573088,ポチ@ひいやん7/26日タコベル1日店長🌻🌈🍀/👀.,2024-06-30T21:39:54,HTTP 503
573088,ポチ@🌻🌈🍀/👀.,2024-09-25T07:18:34,HTTP 503
573088,ポチみょん@🌻🌈🍀/👀.,2025-01-01T01:06:58,HTTP 503
573088,ポチ🦋✨,2024-03-31T22:36:58,HTTP 503
573088,無ポチ@ひいやん7/26タコベル1日店長🌻🌈🍀👀.,2024-07-24T07:07:21,HTTP 503
573088,無ポチみょん@🌻🌈🍀/👀.,2024-12-19T07:15:22,HTTP 503
573088,無反応ポチ@ひいやん7/26タコベル1日店長/👀.,2024-07-25T07:15:53,HTTP 503
573088,無反応ポチみょん@🌻🌈🍀/👀.,2024-12-20T07:14:56,HTTP 503
573106,キュアフォロワー,2025-02-05T12:04:45,HTTP 503
574479,👀タニサト 🐉、ミッション20訪問がツライ🤒,2025-01-09T18:34:59,HTTP 503
575496,☆星の夢☆@甘野十愛@高橋あゆみ＠MAYAのうた,2025-10-28T14:38:24,HTTP 503
576345,💜E ななん【大好きイオたん💋】,2025-02-06T16:42:57,HTTP 503
578329,の♪,2025-01-02T02:16:35,HTTP 503
581282,しもなだ駅,2025-03-13T22:58:34,HTTP 503
584484,*まりーな♩,2025-08-03T20:18:19,HTTP 503
588574,👻,2025-04-28T14:08:26,HTTP 503
588574,🦥(このアバターは🐕ではありません🐃),2025-06-05T07:44:51,HTTP 503
589769,ここあ,2024-12-26T07:09:34,HTTP 503
597635,くろわっ,2025-10-28T23:47:40,HTTP 503
598357,【推し】よっちん❤️muu民♍♬❤️らーら☘️£杏ここあ❤️,2025-02-02T07:07:23,HTTP 503
598357,よっちん❤️muu民♍♬❤️らーら☘️£杏ここあ❤️なでし子,2025-01-04T20:05:11,HTTP 503
598527,幻のどうも,2024-10-29T18:57:45,HTTP 503
599630,Kyo 🍕💜💐❄️☃️,2024-07-12T22:05:28,HTTP 503
599851,渡  誉(ほまちゃん),2024-11-04T13:03:45,HTTP 503
601170,✨ほしまる✨♡ちま♡りな♡やんちむ♡,2025-01-04T10:11:52,HTTP 503
601234,凛天🌾,2025-06-14T12:27:24,HTTP 503
604299,ヘルマン,2024-05-27T22:05:42,HTTP 503
606336,こいくち(旧こうくち)※お礼DM不要,2025-05-20T15:22:50,HTTP 503
609166,ゴルゴン@ばりーず🥕,2024-11-14T19:04:51,HTTP 503
609204,にゃがと(38),2025-05-28T22:25:31,HTTP 503
613754,ぶぅさまぶぅぶぅ,2025-10-28T23:52:30,HTTP 503
614811,けんちゃん🌙🌷,2024-12-27T18:55:45,HTTP 503
615297,ぷるるん,2024-11-25T12:06:07,HTTP 503
615994,hattori dayon ,2024-09-16T08:05:56,HTTP 503
616276,🎷mc.taka⚾️🏟️,2024-09-26T12:13:14,HTTP 503
616560,GAJYO,2024-09-16T15:13:22,HTTP 503
617736,HIRORO🎀🩵,2025-07-06T09:58:35,HTTP 503
617736,HIRORO🐹❤️‍🔥,2024-09-16T21:30:17,HTTP 503
618125,hisa🦋⛄️,2024-06-16T19:46:56,HTTP 503
618156,た～くん👑トンセ隊㊱🦌♨️せんと🎯くじ係🦕🌻,2025-08-12T18:41:33,HTTP 503
618156,た～くん👑㊗yana㊗🔥トンセ隊㊱🦌♨️せんと🦕🌻,2025-03-04T18:48:22,HTTP 503
618384,🌟🩵星の王子さま🌠🌺🐻‍❄️🦥🐹🌈✨,2025-11-06T15:02:56,HTTP 503
618384,🐲むー💝神推せいじ🌟🩵星の王子さま🌠丸い物🦥🌈,2025-04-13T07:41:47,HTTP 503
618406,山 下 り る よ,2024-05-03T18:31:33,HTTP 503
618503,MARIC,2025-05-27T15:02:31,HTTP 503
618792,SSS,2025-07-27T15:45:10,HTTP 503
619799,無)muu♍️♬❤️@最終日🔥ラ王タレ王全力求む🔥,2024-09-16T21:07:32,HTTP 503
619799,無反応)muu♍️♬❤️@サマーボーナスイベ中🔥,2024-08-31T02:04:06,HTTP 503
619799,無反応)muu♍️♬❤️超絶ガチイベ中🔥,2024-11-12T18:46:00,HTTP 503
619987,わかはる🐐🐐,2025-05-17T16:04:45,HTTP 503
628329,Taka 🌺🌺ほのんるーむ🌺🌺,2025-01-21T18:07:45,HTTP 503
628874,なにわしぃ～♪♪,2025-04-11T07:15:19,HTTP 503
629497,児温庭一信士,2025-08-03T20:56:24,HTTP 503
630471,ぷっ！ちゃ,2024-06-08T07:31:22,HTTP 503
631024,kazu🐶🌸,2025-02-18T17:49:49,HTTP 503
631038,我々は宇宙人だ,2025-03-11T01:02:18,HTTP 503
631420,miyukiiiiiiii,2024-12-16T19:05:38,HTTP 503
632575,はやみなっつ︎ᗢᘏ୭💒💕🎠𓈒𓂂,2025-05-17T15:18:51,HTTP 503
632909,ゆきだるまะ,2025-07-26T20:48:35,HTTP 503
634152,かなちー(黒髪ポニテ推進委員会会長）,2025-05-25T14:35:00,HTTP 503
635053,仕事中無音投げ落ちAL-ｱﾙﾃﾝちゃん-,2025-02-18T18:02:58,HTTP 503
635268,💜BR✰,2024-10-30T23:25:42,HTTP 503
638324,やまPぃ,2025-01-30T20:53:55,HTTP 503
638324,やまぴー,2024-10-14T18:26:11,HTTP 503
638990,Danke schön,2024-06-06T21:09:07,HTTP 503
638990,KFP4号店,2024-06-19T22:26:18,HTTP 503
638990,cheatday,2025-02-21T18:22:34,HTTP 503
638990,⋛⋋(‘Θ’)⋌⋚🦅ファルコン🦅@‪🍦‬🍓🍨🍓,2024-12-22T12:30:53,HTTP 503
638990,おひとりさまでcheatday,2024-12-28T07:57:41,HTTP 503
638990,からあげクン,2024-09-28T19:06:38,HTTP 503
638990,トリックスター,2024-12-12T07:04:16,HTTP 503
638990,モー太郎,2024-09-04T07:10:22,HTTP 503
638990,ㅤ,2025-01-31T07:03:36,HTTP 503
638990,一人セゾン,2025-03-20T21:18:03,HTTP 503
638990,不協和音,2025-02-06T07:51:58,HTTP 503
638990,思い出ファースト,2025-05-14T19:19:35,HTTP 503
638990,悠久休暇,2025-01-13T20:01:27,HTTP 503
638990,花丸,2025-01-22T07:10:05,HTTP 503
638990,ﾍ( ˙꒳​˙  ﾍ)࿐,2024-10-05T16:47:40,HTTP 503
639442,カムカム,2024-10-06T14:01:31,HTTP 503
640285,グシケン(２５０kg)ほんわかキューブ,2024-09-16T13:07:54,HTTP 503
640549,🌻くるくるり🌻,2024-05-03T19:03:57,HTTP 503
642137, 博史(元・ちなみ),2025-10-19T14:41:27,HTTP 503
642602,髭のまさ,2024-08-21T18:03:21,HTTP 503
643782,らむね⭐️ᜊﬞﬞωみんと🌻🍤🍑楽しい日々をありがと🍀,2024-09-16T15:31:05,HTTP 503
646457,のぶた,2024-11-19T18:18:58,HTTP 503
646564,ジェリー❤ฅ(≡'・'≡)‪🐈🐾໊猫❤...εïз ✿*,2025-07-30T18:18:31,HTTP 503
646872,めかぶ,2025-09-24T18:21:39,HTTP 503
646872,めかぶ@Rはこがちゃん👿🧌🧞に🌈星をRuuに🙏,2025-08-09T19:50:24,HTTP 503
646872,めかぶ@ミュージック王はRuu Musicに🙏🙇‍♂️,2025-07-31T20:20:52,HTTP 503
646872,めかぶ@ミュージック王をRuu musicに🙏🏻🙇,2025-08-01T18:27:20,HTTP 503
646876,りゅんりゅん,2025-02-07T19:03:23,HTTP 503
648836,勇者,2024-09-19T07:01:13,HTTP 503
649803,ぴんぽんΩ,2025-05-18T20:03:10,HTTP 503
650366,サーモン,2024-05-25T15:10:24,HTTP 503
650366,宇田川,2024-12-21T15:06:28,HTTP 503
650366,宇田川👱🏻‍♀️,2025-04-06T15:13:53,HTTP 503
650366,宇田川🦭,2025-10-04T15:10:39,HTTP 503
650395,たおひかり( ˘ω˘),2025-08-03T20:32:27,HTTP 503
650395,たおひかり(多扉×2たぴたぴ)🌙🌱,2024-03-28T23:01:51,HTTP 503
650395,たおひかり🌙🌱,2024-09-16T18:55:02,HTTP 503
651438,たかたか,2025-06-09T21:01:28,HTTP 503
651438,たかたか@月島ほたる,2025-05-20T07:11:38,HTTP 503
651438,たかたか@月島ほたる+0.01t🌙✨,2025-01-22T17:49:48,HTTP 503
651438,たかたか@月島ほたる+10🌙✨,2025-02-10T07:25:13,HTTP 503
651438,たかたか@月島ほたる+6.1🌙✨,2025-01-09T18:01:09,HTTP 503
651438,たかたか@月島ほたる+6.2🌙✨,2025-01-08T20:26:00,HTTP 503
651438,たかたか@月島ほたる+6.4🌙✨,2025-01-06T18:07:29,HTTP 503
651438,たかたか@月島ほたる+6.5🌙✨,2025-01-12T18:23:05,HTTP 503
651438,たかたか@月島ほたる+6.6🌙✨,2025-01-04T09:19:44,HTTP 503
651438,たかたか@月島ほたる+9🌙✨,2025-01-27T07:13:49,HTTP 503
651438,たかたか@月島ほたる+♾🌙✨,2025-03-28T19:40:11,HTTP 503
651438,たかたか@月島ほたる♾🌙✨,2025-04-05T21:12:42,HTTP 503
651438,たかたか@月島ほたる🌙✨,2025-11-14T20:18:37,HTTP 503
651438,たかたか@月島ほたる🌙✨ ,2025-10-17T06:02:07,HTTP 503
651438,たかたか@月島ほたる🌙✨アバタータップで浴衣投票お願い,2025-09-01T18:34:03,HTTP 503
651438,たかたか@月島ほたる🌙✨️,2024-06-13T07:14:56,HTTP 503
651438,たかたか＠月島ほたる🌙✨,2025-07-08T18:45:22,HTTP 503
